{"cameraMode":{"drawMode":0,"name":"Shaded","section":"Shading Mode"},"sceneLighting":true,"audioPlay":false,"sceneViewState":{"showFog":true,"showMaterialUpdate":true,"showSkybox":true,"showFlares":true,"showImageEffects":true,"showParticleSystems":true},"in2DMode":false,"pivot":{"x":-0.6225684285163879,"y":1.4971168041229249,"z":0.6925551891326904},"rotation":{"x":-0.22220133244991303,"y":-0.05140494555234909,"z":0.011816276237368584,"w":-0.9735937118530273},"size":6.816806316375732,"orthographic":true}