{"cameraMode":{"drawMode":0,"name":"Shaded","section":"Shading Mode"},"sceneLighting":true,"audioPlay":false,"sceneViewState":{"showFog":true,"showMaterialUpdate":true,"showSkybox":true,"showFlares":true,"showImageEffects":true,"showParticleSystems":true},"in2DMode":false,"pivot":{"x":0.6690651774406433,"y":1.0545988082885743,"z":-0.18424773216247559},"rotation":{"x":-0.6638638973236084,"y":-0.054949741810560229,"z":0.04911740869283676,"w":-0.7442322373390198},"size":7.289528846740723,"orthographic":true}