{"cameraMode":{"drawMode":0,"name":"Shaded","section":"Shading Mode"},"sceneLighting":false,"audioPlay":false,"sceneViewState":{"showFog":true,"showMaterialUpdate":true,"showSkybox":false,"showFlares":true,"showImageEffects":true,"showParticleSystems":true},"in2DMode":false,"pivot":{"x":476.4850158691406,"y":410.5452575683594,"z":-36.92581558227539},"rotation":{"x":-0.21848472952842713,"y":-0.06815028935670853,"z":0.015297692269086838,"w":-0.9733369946479797},"size":73.44634246826172,"orthographic":false}